CREATE TABLE TBL_excustomer(
	ID VARCHAR2(10),
	NAME NVARCHAR2(10) NOT NULL,
	EMAIL VARCHAR2(100) UNIQUE NOT NULL,
	AGE NUMBER(3) NOT NULL,
	JOIN_DATE DATE ,
	PRIMARY KEY(ID)
);

CREATE TABLE TBL_exproduct(
	CODE VARCHAR2(16),
	CATEGORY VARCHAR2(2),
	ITEMNAME NVARCHAR2(100) NOT NULL,
	PRICE NUMBER(10) NOT NULL,
	PRIMARY KEY(CODE)	
);

CREATE TABLE TBL_exbuy(
	ID VARCHAR2(10),
	CODE VARCHAR2(16) UNIQUE NOT NULL,
	BUYCOUNT NUMBER(3) NOT NULL,
	BUYDATE DATE DEFAULT SYSDATE ,
	PRIMARY KEY(ID),
	FOREIGN KEY(ID) REFERENCES tbl_EXCUSTOMER(ID),
	FOREIGN KEY(CODE) REFERENCES TBL_EXPRODUCT(CODE)
);

INSERT INTO TBL_excustomer VALUES ('mina012', '김미나', 'kimm@gmail.com', 20, TO_DATE('2022-03-10 14:23:25','yyyy-mm-dd HH:MM:SS'));
INSERT INTO TBL_excustomer VALUES ('hongGD', '홍길동', 'gil@korea.com', 32, '2021-10-21 11:12:23');
INSERT INTO TBL_excustomer VALUES ('twice', '박모모', 'momo@daum.net', 29, '2021-12-25 19:23:45');
INSERT INTO TBL_excustomer VALUES ('wonder', '이나나', 'lee@naver.com', 40, );


INSERT INTO TBL_exproduct VALUES ('DOWON123a', 'B2', '동원참치선물세트', 54000);
INSERT INTO TBL_exproduct VALUES ('CJBAb12g', 'B1', '햇반 12개입', 14500);
INSERT INTO TBL_exproduct VALUES ('JINRMn5', 'B1', '진라면 5개입', 6350);
INSERT INTO TBL_exproduct VALUES ('APLE5kg', 'A1', '청송사과 5kg', 66000);
INSERT INTO TBL_exproduct VALUES ('MANGOTK4r', 'A2', '애플망고 1kg', 32000);


INSERT INTO TBL_exbuy VALUES ('mina012' , 'CJBAb12g' , 5 , '2022-03-10 14:33:15');
INSERT INTO TBL_exbuy VALUES ('mina012' , 'APLE5kg' , 2 , '2022-03-10 14:33:15');
INSERT INTO TBL_exbuy VALUES ('mina012' , 'JINRMn5' , 2 , '2022-03-16 10:13:15');
INSERT INTO TBL_exbuy VALUES ('twice' , 'JINRMn5' , 3 , '2021-12-25 19:32:15');
INSERT INTO TBL_exbuy VALUES ('twice' , 'MANGOTK4r' , 2 , '2021-12-25 19:32:15');
INSERT INTO TBL_exbuy VALUES ('hongGD' , 'DOWON123a' , 1 , '2021-10-21 11:13:25');
INSERT INTO TBL_exbuy VALUES ('hongGD' , 'APLE5kg' , 1 , '2021-10-21 11:13:25');
